/*
 * TERM PROJECT DML FILE
 * Shivam Gupta - 016215795 
 * Sukriti Agarwal - 016280171 
 * Hamza Mekouar - 016099159 
 * Shashi Kumar Kadari Mallikarjuna - 015092348
 */

/* Data for contact */
INSERT INTO contact (CID, name, email) VALUES
-- Private Customer --
(1, 'Connor Robertson', 'connor.robertson@gmail.com'),
(2, 'Andrew Mathis', 'andrew.mathis@gmail.com'),
(3, 'John Vance', 'john.vance@gmail.com'),
(4, 'Isaac Wilkins', 'isaac.wilkins@gmail.com'),
(5, 'Emma Roberts', 'emma.roberts@gmail.com'),
(6, 'Tim Rampling', 'tim.rampling@gmail.com'),
(7, 'Jan Walsh', 'jan.walsh@gmail.com'),
(8, 'Charles Walsh', 'charles.walsh@gmail.com'),
(9, 'Molly Rampling', 'molly.rampling@gmail.com'),
(10, 'Lucas Churchill', 'lucas.churchill@gmail.com'),

-- Corporate Customer --
(51, 'Nicola MacDonald', 'nicola.macdonald@gmail.com'),
(52, 'Colin Skinner', 'colin.skinner@gmail.com'),
(53, 'Boris Wright', 'boris.wright@gmail.com'),
(54, 'Alan Gibson', 'alan.gibson@gmail.com'),
(55, 'Robert Sharp', 'robert.sharp@gmail.com'),
(56, 'Gavin Allan', 'gavin.allan@gmail.com'),
(57, 'Kylie Bower', 'kylie.bower@gmail.com'),
(58, 'David Sutherland', 'david.sutherland@gmail.com'),
(59, 'Grace Randall', 'grace.randall@gmail.com'),
(60, 'Edward Stewart', 'edward.stewart@gmail.com'),

-- Head Chef -- 
(101, 'Piers Hill', 'piers.hill@gmail.com'),
(102, 'Phil Murray', 'phil.murray@gmail.com'),

-- Sous Chef --
(103, 'Michelle Gibson', 'michelle.gibson@gmail.com'),
(104, 'Vanessa Buckland', 'vanessa.buckland@gmail.com'),
(105, 'Julia Kerr', 'julia.kerr@gmail.com'),
(106, 'Robert Underwood', 'robert.underwood@gmail.com'),
(107, 'Carol Gill', 'carol.gill@gmail.com'),
(108, 'Richard Cornish', 'richard.cornish@gmail.com'),

-- Line Cook -- 
(109, 'Jessica Hardacre', 'jessica.hardacre@gmail.com'),
(110, 'Adrian Alsop', 'adrian.alsop@gmail.com'),
(111, 'Gavin Parsons', 'gavin.parsons@gmail.com'),
(112, 'William Baker', 'william.baker@gmail.com'),
(113, 'Alison Lambert', 'alison.lambert@gmail.com'),
(114, 'Jake Hunter', 'jake.hunter@gmail.com'),
(115, 'Steven North', 'steven.north@gmail.com'),
(116, 'Benjamin Churchill', 'benjamin.churchill@gmail.com'),
(117, 'Sarah Cornish', 'sarah.cornish@gmail.com'),
(118, 'Megan Hardacre', 'megan.hardacre@gmail.com'),
(119, 'Adrian Clark', 'adrian.clark@gmail.com'),
(120, 'Leah Oliver', 'leah.oliver@gmail.com'),
(121, 'Xuan Chenault', 'xuan.chenault@gmail.com'),
(122, 'Fabian File', 'fabian.file@gmail.com'),
(123, 'Yesenia Gaydos', 'yesenia.gaydos@gmail.com'),
(124, 'Dorotha Brouse', 'dorotha.brouse@gmail.com'),

-- Maitre d --
(125, 'Joseph Marshall', 'joseph.marshall@gmail.com'),
(126, 'Carol McDonald', 'carol.mcdonald@gmail.com'),

-- Dishwasher --
(127, 'Elizabeth Alsop', 'elizabeth.alsop@gmail.com'),
(128, 'Bella Gibson', 'bella.gibson@gmail.com'),

-- Manager --
(129, 'Heather Nash', 'heather.nash@gmail.com'),
(130, 'Faith Manning', 'faith.manning@gmail.com'),

-- Waitstaff --
(131, 'Adam Poole', 'adam.poole@gmail.com'),
(132, 'Kevin Simpson', 'kevin.simpson@gmail.com'),
(133, 'Matt Parsons', 'matt.parsons@gmail.com'),
(134, 'Jack McDonald', 'jack.mcdonald@gmail.com'),
(135, 'Steven Payne', 'steven.payne@gmail.com'),
(136, 'Ruth Slater', 'ruth.slater@gmail.com'),
(137, 'Claire Blake', 'claire.blake@gmail.com'),
(138, 'Evan Quinn', 'evan.quinn@gmail.com'),
(139, 'Faith Dyer', 'faith.dyer@gmail.com'),
(140, 'Thomas Henderson', 'thomas.henderson@gmail.com');

/* Data for crew */
INSERT INTO crew (crewName) VALUES
('Meat Masters'),
('Smoke Daddys'),
('Rib Rubbers'),
('Fandango');

/* Data for jobTitle */
INSERT INTO jobTitle (jobTitle) VALUES
('Head Chef'),
('Sous Chef'),
('Line Cook'),
('Maitre d'),
('Wait Staff'),
('Dishwasher'),
('Manager');

/* Data for employee */
INSERT INTO employee (CID, jobDescription, supervisorID, jobTitle) VALUES
(129,'Manages the restaurant',NULL,'Manager'),
(130,'Manages the restaurant',NULL,'Manager'),

(101,'Main chef',129,'Head Chef'),
(102,'Main chef',130,'Head Chef'),

(103,'works with the head chef',101,'Sous Chef'),
(104,'works with the head chef',101,'Sous Chef'),
(105,'works with the head chef',101,'Sous Chef'),
(106,'works with the head chef',102,'Sous Chef'),
(107,'works with the head chef',102,'Sous Chef'),
(108,'works with the head chef',102,'Sous Chef'),

(109,'works in a particular department with a sous chef',103,'Line Cook'),
(110,'works in a particular department with a sous chef',103,'Line Cook'),
(111,'works in a particular department with a sous chef',104,'Line Cook'),
(112,'works in a particular department with a sous chef',104,'Line Cook'),
(113,'works in a particular department with a sous chef',105,'Line Cook'),
(114,'works in a particular department with a sous chef',105,'Line Cook'),
(115,'works in a particular department with a sous chef',106,'Line Cook'),
(116,'works in a particular department with a sous chef',106,'Line Cook'),
(117,'works in a particular department with a sous chef',107,'Line Cook'),
(118,'works in a particular department with a sous chef',107,'Line Cook'),
(119,'works in a particular department with a sous chef',108,'Line Cook'),
(120,'works in a particular department with a sous chef',103,'Line Cook'),
(121,'works in a particular department with a sous chef',104,'Line Cook'),
(122,'works in a particular department with a sous chef',105,'Line Cook'),
(123,'works in a particular department with a sous chef',106,'Line Cook'),
(124,'works in a particular department with a sous chef',107,'Line Cook'),

(125,'welcomes guests, gets them seated, and evenly distributes the patrons across the wait staff',101,'Maitre d'),
(126,'welcomes guests, gets them seated, and evenly distributes the patrons across the wait staff',102,'Maitre d'),

(127,'cleans the dishes',101,'Dishwasher'),
(128,'cleans the dishes',102,'Dishwasher'),

(131,'takes the orders, brings the food and drink, helps the customers with any questions',101,'Wait Staff'),
(132,'takes the orders, brings the food and drink, helps the customers with any questions',101,'Wait Staff'),
(133,'takes the orders, brings the food and drink, helps the customers with any questions',101,'Wait Staff'),
(134,'takes the orders, brings the food and drink, helps the customers with any questions',101,'Wait Staff'),
(135,'takes the orders, brings the food and drink, helps the customers with any questions',101,'Wait Staff'),
(136,'takes the orders, brings the food and drink, helps the customers with any questions',102,'Wait Staff'),
(137,'takes the orders, brings the food and drink, helps the customers with any questions',102,'Wait Staff'),
(138,'takes the orders, brings the food and drink, helps the customers with any questions',102,'Wait Staff'),
(139,'takes the orders, brings the food and drink, helps the customers with any questions',102,'Wait Staff'),
(140,'takes the orders, brings the food and drink, helps the customers with any questions',102,'Wait Staff');

/* Data for crewEmployee */
INSERT INTO crewEmployee (crewName,CID) VALUES
('Meat Masters', 101),
('Smoke Daddys', 102),
('Rib Rubbers', 101),
('Fandango', 102),

('Meat Masters', 103),
('Meat Masters', 104),
('Meat Masters', 105),
('Smoke Daddys', 106),
('Smoke Daddys', 107),
('Smoke Daddys', 108),
('Rib Rubbers', 103),
('Rib Rubbers', 104),
('Rib Rubbers', 105),
('Fandango', 106),
('Fandango', 107),
('Fandango', 108),

('Meat Masters', 109),
('Meat Masters', 110),
('Meat Masters', 111),
('Meat Masters', 112),
('Meat Masters', 113),
('Meat Masters', 114),
('Meat Masters', 115),
('Meat Masters', 116),
('Smoke Daddys', 117),
('Smoke Daddys', 118),
('Smoke Daddys', 119),
('Smoke Daddys', 120),
('Smoke Daddys', 121),
('Smoke Daddys', 122),
('Smoke Daddys', 123),
('Smoke Daddys', 124),
('Rib Rubbers', 109),
('Rib Rubbers', 110),
('Rib Rubbers', 111),
('Rib Rubbers', 112),
('Rib Rubbers', 113),
('Rib Rubbers', 114),
('Rib Rubbers', 115),
('Rib Rubbers', 116),
('Fandango', 117),
('Fandango', 118),
('Fandango', 119),
('Fandango', 120),
('Fandango', 121),
('Fandango', 122),
('Fandango', 123),
('Fandango', 124),

('Meat Masters', 125),
('Smoke Daddys', 126),
('Rib Rubbers', 125),
('Fandango', 126),

('Meat Masters', 127),
('Smoke Daddys', 128),
('Rib Rubbers', 127),
('Fandango', 128),

('Meat Masters', 129),
('Smoke Daddys',130),
('Rib Rubbers', 129),
('Fandango', 130),

('Meat Masters', 131),
('Meat Masters', 132),
('Meat Masters', 133),
('Meat Masters', 134),
('Meat Masters', 135),
('Smoke Daddys', 136),
('Smoke Daddys', 137),
('Smoke Daddys', 138),
('Smoke Daddys', 139),
('Smoke Daddys', 140),
('Rib Rubbers', 131),
('Rib Rubbers', 132),
('Rib Rubbers', 133),
('Rib Rubbers', 134),
('Rib Rubbers', 135),
('Fandango', 136),
('Fandango', 137),
('Fandango', 138),
('Fandango', 139),
('Fandango', 140);

/* Data for shift */
INSERT INTO shift (shiftDay, shiftTime) VALUES
('Monday', 'lunch'),
('Tuesday', 'lunch'),
('Wednesday', 'lunch'),
('Thursday', 'lunch'),
('Friday', 'lunch'),
('Saturday', 'lunch'),
('Monday', 'Evening'),
('Tuesday', 'Evening'),
('Wednesday', 'Evening'),
('Thursday', 'Evening'),
('Friday', 'Evening'),
('Saturday', 'Evening'),
('Sunday', 'brunch');

/* Data for crewShift */
INSERT INTO crewShift(crewName, shiftDay, shiftTime) VALUES
('Meat Masters', 'Monday', 'lunch'),
('Smoke Daddys', 'Monday', 'Evening'),
('Rib Rubbers', 'Tuesday', 'lunch'),
('Fandango', 'Tuesday', 'Evening'),
('Meat Masters', 'Wednesday', 'lunch'),
('Smoke Daddys', 'Wednesday', 'Evening'),
('Rib Rubbers', 'Thursday', 'lunch'),
('Fandango', 'Thursday', 'Evening'),
('Meat Masters', 'Friday', 'lunch'),
('Smoke Daddys', 'Friday', 'Evening'),
('Rib Rubbers', 'Saturday', 'lunch'),
('Fandango', 'Saturday', 'Evening'),
('Smoke Daddys', 'Sunday', 'brunch');

/* Data for partTime */
INSERT INTO partTime (CID, hourlyRate) VALUES
(125, 15),
(126, 15),
(127, 12),
(128, 12),
(131, 13.5),
(132, 13.5),
(133, 13.5),
(134, 13.5),
(135, 13.5),
(136, 13.5),
(137, 13.5),
(138, 13.5),
(139, 13.5),
(140, 13.5);

/* Data for waitStaff */
INSERT INTO waitStaff(CID) VALUES
(131),
(132),
(133),
(134),
(135),
(136),
(137),
(138),
(139),
(140);

/* Data for ctables */
INSERT INTO ctables (tableNum) VALUES
(1),
(2),
(3),
(4),
(5);

/* Data for waitStaffTable */
INSERT INTO waitStaffTable(CID,tableNum) VALUES 
(131, 1),
(132, 2),
(133, 3),
(134, 4),
(135, 5),
(136, 1),
(137, 2),
(138, 3),
(139, 4),
(140, 5);

/* Data for fullTime */
INSERT INTO fullTime (CID, salary, healthCare) VALUES
(101, 2929, 'YES'),
(102, 2929, 'YES'),
(103, 2711, 'YES'),
(104, 2711, 'YES'),
(105, 2711, 'YES'),
(106, 2711, 'YES'),
(107, 2711, 'YES'),
(108, 2711, 'YES'),
(109, 2166, 'YES'),
(110, 2166, 'YES'),
(111, 2166, 'YES'),
(112, 2166, 'YES'),
(113, 2166, 'YES'),
(114, 2166, 'YES'),
(115, 2166, 'YES'),
(116, 2166, 'YES'),
(117, 2166, 'YES'),
(118, 2166, 'YES'),
(119, 2166, 'YES'),
(120, 2166, 'YES'),
(121, 2166, 'YES'),
(122, 2166, 'YES'),
(123, 2200, 'YES'),
(124, 2200, 'YES'),
(129, 3333, 'YES'),
(130, 3333, 'YES');

/* Data for headChef */
INSERT INTO headChef (CID,recipe) VALUES
(101, 'Moo Goo Gai Pan'),
(102, 'Honey Glazed Gourmet');

/* Data for departments */
INSERT INTO departments (department) VALUES
('butcher'),
('fry cook'),
('grill chef'),
('pantry chef'),
('pastry chef'),
('roast chef'),
('sauté chef'),
('vegetable chef');

/* Data for lineCook */
INSERT INTO lineCook (CID,department) VALUES
(109, 'butcher'),
(110, 'butcher'),
(111, 'fry cook'),
(112, 'fry cook'),
(113, 'grill chef'),
(114, 'grill chef'),
(115, 'grill chef'),
(116, 'pastry chef'),
(117, 'pastry chef'),
(118, 'roast chef'),
(119, 'roast chef'),
(120, 'sauté chef'),
(121, 'sauté chef'),
(122, 'sauté chef'),
(123, 'vegetable chef'),
(124, 'vegetable chef');

/* Data for stations */
INSERT INTO stations (station) VALUES
('veggies'), -- fry cook, grill chef, vegetable chef, roast chef
('meat'), -- butcher, fry cook, grill chef, roast chef
('sauces'), -- sauté chef, fry cook
('gravies'), -- sauté chef, fry cook
('restock'), -- pantry chef
('pastries'), -- pastry chef
('desserts'); -- pastry chef

/* Data for lineCookStations */
INSERT INTO lineCookStations(CID,station) VALUES
(109,'meat'),
(110,'meat'),
(111,'veggies'),
(111,'meat'),
(111,'gravies'),
(112,'sauces'),
(112,'veggies'),
(112,'meat'),
(113,'meat'),
(113,'veggies'),
(114,'veggies'),
(114,'meat'),
(115,'meat'),
(115,'veggies'),
(116,'restock'),
(116,'pastries'),
(117,'desserts'),
(117,'restock'),
(118,'meat'),
(119,'meat'),
(120,'sauces'),
(121,'sauces'),
(122,'gravies'),
(123,'veggies'),
(124,'veggies');

/* Data for sousChef */
INSERT INTO sousChef (CID) VALUES
(103),
(104),
(105),
(106),
(107),
(108);

/* Data for expertises */
INSERT INTO expertises (expertise) VALUES
('Kung Pao Chicken'),
('Cashew Chicken'),
('Stir Fried Vegetables'),
('Eggplant Parmesan'),
('Orange Beef'),
('Moo Shy Beef'),
('Honey Glazed Shrimp'),
('Kung Pao Shrimp'),
('Roasted Meats'),
('Moo Goo Gai Pan'),
('Ginger Pork Noodle'),
('Pork with Bean Sauce'),
('Seaweed Health Soup'),
('Vegetable Soup'),
('Chicken Corn Soup'),
('Egg Flower Soup'),
('Prawn Soup'),
('Honey Glazed Gourmet'),
('Pork Overloaded'),
('Chicken Spring Rolls'),
('Sweet and Sour Chicken'),
('Beef Sheets'),
('Beef with Orange Curd'),
('Clam Sycee'),
('Deep Fried Fish'),
('Grilled Veggies with wontons'),
('One Pot Curry Noodles'),
('Chicken Chow Mein'),
('Beef Chow Mein'),
('Vegetables Chow Mein'),
('Pork Chow Mein'),
('Chicken Food Young'),
('Seafood Egg Food Young'),
('Pork Egg Food Young'),
('Vegetables Chop Suey'),
('Chef Special Chop Suey'),
('Pork Chop Suey'),
('Chicken Chop Suey'),
('Seafood Chop Suey');

/* Data for sousChefExpertise */
INSERT INTO sousChefExpertise (CID, expertise) VALUES
(103, 'Kung Pao Chicken'),
(108, 'Cashew Chicken'),
(108, 'Stir Fried Vegetables'),
(106, 'Stir Fried Vegetables'),
(107, 'Stir Fried Vegetables'),
(103, 'Eggplant Parmesan'),
(104, 'Orange Beef'),
(108, 'Orange Beef'),
(103, 'Moo Shy Beef'),
(103, 'Honey Glazed Shrimp'),
(103, 'Kung Pao Shrimp'),
(105, 'Kung Pao Shrimp'),
(104, 'Roasted Meats'),
(108, 'Moo Goo Gai Pan'),
(105, 'Ginger Pork Noodle'),
(105, 'Pork with Bean Sauce'),
(108, 'Pork with Bean Sauce'),
(103, 'Pork with Bean Sauce'),
(104, 'Seaweed Health Soup'),
(105, 'Vegetable Soup'),
(105, 'Chicken Corn Soup'),
(106, 'Egg Flower Soup'),
(105, 'Prawn Soup'),
(107, 'Prawn Soup'),
(103, 'Honey Glazed Gourmet'),
(107, 'Honey Glazed Gourmet'),
(105, 'Honey Glazed Gourmet'),
(106, 'Honey Glazed Gourmet'),
(105, 'Pork Overloaded'),
(105, 'Chicken Spring Rolls'),
(108, 'Chicken Spring Rolls'),
(105, 'Sweet and Sour Chicken'),
(106, 'Beef Sheets'),
(107, 'Beef with Orange Curd'),
(103, 'Beef with Orange Curd'),
(105, 'Clam Sycee'),
(107, 'Clam Sycee'),
(106, 'Deep Fried Fish'),
(108, 'Deep Fried Fish'),
(108, 'Grilled Veggies with wontons'),
(103, 'One Pot Curry Noodles'),
(108, 'One Pot Curry Noodles'),
(106, 'Chicken Chow Mein'),
(108, 'Beef Chow Mein'),
(106, 'Beef Chow Mein'),
(107, 'Vegetables Chow Mein'),
(108, 'Vegetables Chow Mein'),
(105, 'Vegetables Chow Mein'),
(106, 'Vegetables Chow Mein'),
(107, 'Pork Chow Mein'),
(105, 'Pork Chow Mein'),
(107, 'Chicken Food Young'),
(105, 'Seafood Egg Food Young'),
(108, 'Pork Egg Food Young'),
(103, 'Vegetables Chop Suey'),
(105, 'Chef Special Chop Suey'),
(107, 'Pork Chop Suey'),
(103, 'Pork Chop Suey'),
(105, 'Pork Chop Suey'),
(108, 'Pork Chop Suey'),
(105, 'Chicken Chop Suey'),
(108, 'Chicken Chop Suey'),
(103, 'Seafood Chop Suey');

/* Data for customer */
INSERT INTO customer (CID, mimingsMoney) VALUES
(1, 2),
(2, 3),
(3, 33),
(4, 31),
(5, 3),
(6, 34),
(7, 13),
(8, 14),
(9, 23),
(10, 13),
(51, 12),
(52, 11),
(53, 4),
(54, 6),
(55, 9),
(56, 5),
(57, 31),
(58, 5),
(59, 54),
(60, 4);

/* Data for privateCustomer */
INSERT INTO privateCustomer (CID, snailMailAddress) VALUES
(1, '17 Winding Way Street Casselberry, FL 32701'),
(2, '9710 Shub Farm Street Beaver Falls, FL 32701'),
(3, '7793 Lafayette Ave.Lagrange, FL 32701'),
(4, '98 Hill Field Ave. Matthews, FL 32701 '),
(5, '9907 Birchwood St.Ridgecrest, FL 32701'),
(6, '37 West Wayne St. Danville, FL 32701'),
(7, '584 Addison Dr. Kennesaw, FL 32701'),
(8, '96 Virginia Drive Lincolnton, FL 32701'),
(9, '584 Addison Dr. Kennesaw, FL 32701'),
(10, '9714 Cypress Ave. Wheaton, FL 32701'),
(51, '1908 Griffin Street, FL 32701'),
(53, '77 Sulphur Springs Street Franklin, FL 32701'),
(60, '73 Jennings Ave. Horn Lake, FL 32701');

/* Data for corporateCustomer */
INSERT INTO corporateCustomer(CID,corporationName,organizationName,officeAddress) VALUES 
(51, 'Robin Brews', 'Nuclear Horizons', '303 Galvin Dr. Goodlettsville, FL 32701'),
(52, 'Chief Co.', 'Photographic Globosoft', '416 Brickyard St. Floral Park, FL 32701'),
(53, 'Spideradio', 'OrgGroup', '7554 Newcastle Dr. East Meadow, FL 32701'),
(54, 'Lionessolutions', 'Physiosystems', '78 Arch Street Fenton, FL 32701'),
(55, 'Crystalightning', 'NetworkProgram', '9668 Devon Dr. Madisonville, FL 32701'),
(56, 'Hummingbirdustries', 'AgencyGroup', '78 Lancaster Ave. Camden, FL 32701'),
(57, 'Hookdream', 'AutoOrganization', '9058 N. Henry St. Framingham, FL 32701'),
(58, 'Bridgedale', 'DesignOrganization', '24 School Ave. Woonsocket, FL 32701 '),
(59, 'Apexsys', 'SuperOrganization', '39 Fairway Drive Benton Harbor, FL 32701'),
(60, 'Imaginesolutions', 'ImagineOrganization', '9604 Primrose Court Canfield, FL 32701');

/* Data for orders */
INSERT INTO orders (orderID,paymentType,tips,orderDate,orderTime,CID) VALUES
(1, 'cash', 4, '2017-09-11', '12:12:59', 1),
(2, 'cash', 7, '2017-10-01', '12:45:44', 2),
(3,'credit card', 10, '2017-11-11', '18:59:25', 3),
(4,'cash', 4, '2018-01-10', '13:12:59', 1),
(5,'cash', 3, '2018-02-02', '13:29:25', 4),
(6,'credit card', 4, '2018-02-23', '12:12:15', 6),
(7, 'debit card', 3, '2018-03-12', '17:07:07', 8),
(8,'cash', 3, '2018-04-04', '14:15:58', 7),
(9,'cash', 5, '2018-06-10', '13:30:39', 1),
(10,'credit card', 15, '2018-07-30', '14:45:36', 2),
(11, 'cash', 5, '2018-08-01', '11:30:39', 1),
(12, 'debit card', 15, '2018-10-01', '16:45:56', 2),
(13, 'credit card', 10, '2018-12-02', '17:59:25', 3),
(14, 'cash', 1, '2019-01-02', '12:15:25', 4),
(15, 'debit card', 3, '2019-02-03', '12:15:25', 5),
(16, 'credit card', 4, '2019-03-03', '13:25:15', 6),
(17, 'cash', 5, '2019-04-04', '13:15:58', 7),
(18, 'debit card', 10, '2019-05-04', '17:07:07', 8),
(19, 'credit card', 5, '2019-05-05', '12:12:15', 9),
(20, 'cash', 3, '2019-05-05', '13:30:48', 10),
(21,'credit card', 2, '2018-11-11', '18:59:25', 3),

(101,'credit card', 3, '2017-09-11', '13:30:00', 53),
(102,'debit card', 5, '2017-10-01', '16:22:40', 52),
(103,'credit card', 4, '2017-11-11', '11:00:00', 53),
(104, 'cash', 2, '2018-01-10', '13:40:00', 51),
(105,'debit card', 7, '2018-02-03', '17:20:03', 56),
(106, 'credit card', 4, '2018-03-13', '12:20:34', 52),
(107, 'credit card', 5, '2018-05-02', '13:40:23', 57),
(108,'credit card', 12, '2018-07-05', '17:30:30', 59),
(109,'cash',2,'2018-10-23', '12:20:32', 60),
(110,'credit card', 13, '2019-01-02', '15:23:20', 57),
(111, 'credit card', 2, '2019-02-02', '11:00:00', 51),
(112, 'debit card', 4, '2019-02-20', '14:20:00', 52),
(113, 'credit card', 3, '2019-03-02', '14:32:20', 53),
(114, 'debit card', 4, '2019-03-12', '12:34:23', 54),
(115, 'credit card', 6, '2019-04-13', '13:12:43', 55),
(116, 'debit card', 7, '2019-04-23', '16:32:34', 56),
(117, 'credit card', 11, '2019-04-27', '14:32:14', 57),
(118, 'debit card', 20, '2019-05-04', '12:00:00', 58),
(119, 'credit card', 12, '2019-05-05', '11:00:00', 59),
(120, 'debit card', 12, '2019-05-05', '14:00:00', 60),
(121, 'credit card', 12, '2018-05-05', '14:00:00', 60);

/* Data for toGo */
INSERT INTO toGo (orderID,pickupTime,foodReadyTime) VALUES
(11, '12:00:00', '11:47:39'),
(12, '15:00:00', '14:49:21'),
(103, '12:00:00', '11:47:39'),
(1, '15:00:00', '14:49:21'),
(10, '12:00:00', '11:47:39'),
(106, '16:00:00', '15:49:21'),
(111, '15:00:00', '14:47:39'),
(120, '16:00:00', '15:49:21'),
(109, '12:00:00', '11:47:39'),
(110, '16:00:00', '15:55:21');

/* Data for eatIn */
INSERT INTO eatIn (orderID,TableNum) VALUES
(2,2),
(3, 1),
(4, 2),
(5, 3),
(6, 4),
(7, 5),
(8, 1),
(9, 2),
(13, 3),
(14,3),
(15, 2),
(16, 5),
(17,3),
(18, 4),
(19, 3),
(20,1),
(101,3),
(102, 4),
(104, 3),
(105,1),
(107,2),
(109,3),
(112,2),
(113,3),
(114,2),
(115,4),
(116,3),
(117,5),
(118,3),
(119,2),
(121,4),
(21,3);

/* Data for menu */
INSERT INTO menu (type) VALUES
('Evening'),
('Lunch'),
('Sunday brunch buffet'),
('Children');

/* Data for categories */
INSERT INTO categories (categoryName) VALUES
('Appetizer'),
('Soup'),
('Meat Entrees'),
('Main Course');

/* Data for menuItem */
INSERT INTO menuItem (itemName,spiceLevel,categoryName,subCategory) VALUES
-- spiceLevel: Mild, Tangy, Piquant, Hot, Oh My God
-- categories: Appetizer, Soup, Meat Entrees, Main Course
-- Main Course: Chow Mein, Egg Food Young, Chop Suey
-- sub categories: Chef Special, Pork, Chicken, Beef, Seafood, Vegetables

('Kung Pao Chicken', 'Tangy', 'Appetizer', 'Chicken'),
('Kung Pao Chicken', 'Mild', 'Appetizer', 'Chicken'),
('Kung Pao Chicken', 'Hot', 'Appetizer', 'Chicken'),
('Cashew Chicken','Mild', 'Appetizer', 'Chicken'),
('Cashew Chicken','Tangy', 'Appetizer', 'Chicken'),
('Stir Fried Vegetables', 'Hot', 'Appetizer', 'Vegetables'),
('Stir Fried Vegetables', 'Piquant', 'Appetizer', 'Vegetables'),
('Stir Fried Vegetables', 'Oh My God', 'Appetizer', 'Vegetables'),
('Eggplant Parmesan', 'Piquant', 'Appetizer', 'Vegetables'),
('Eggplant Parmesan', 'Oh My God', 'Appetizer', 'Vegetables'),
('Orange Beef', 'Oh My God', 'Appetizer', 'Beef'),
('Orange Beef', 'Tangy', 'Appetizer', 'Beef'),
('Moo Shy Beef', 'Tangy', 'Appetizer', 'Beef'),
('Moo Shy Beef', 'Hot', 'Appetizer', 'Beef'),
('Moo Shy Beef', 'Piquant', 'Appetizer', 'Beef'),
('Honey Glazed Shrimp', 'Mild', 'Appetizer', 'Seafood'),
('Kung Pao Shrimp', 'Hot', 'Appetizer', 'Seafood'),
('Kung Pao Shrimp', 'Tangy', 'Appetizer', 'Seafood'),
('Kung Pao Shrimp', 'Mild', 'Appetizer', 'Seafood'),
('Roasted Meats', 'Piquant', 'Appetizer', 'Chef Special'),
('Roasted Meats', 'Oh My God', 'Appetizer', 'Chef Special'),
('Moo Goo Gai Pan', 'Hot', 'Appetizer', 'Chef Special'),
('Moo Goo Gai Pan', 'Tangy', 'Appetizer', 'Chef Special'),
('Moo Goo Gai Pan', 'Oh My God', 'Appetizer', 'Chef Special'),
('Ginger Pork Noodle', 'Hot', 'Appetizer', 'Pork'),
('Pork with Bean Sauce', 'Mild', 'Appetizer', 'Pork'),
('Pork with Bean Sauce', 'Piquant', 'Appetizer', 'Pork'),

('Seaweed Health Soup', 'Hot', 'Soup', 'Seafood'),
('Seaweed Health Soup', 'Piquant', 'Soup', 'Seafood'),
('Seaweed Health Soup', 'Tangy', 'Soup', 'Seafood'),
('Vegetable Soup', 'Mild', 'Soup', 'Vegetables'),
('Vegetable Soup', 'Hot', 'Soup', 'Vegetables'),
('Vegetable Soup', 'Piquant', 'Soup', 'Vegetables'),
('Vegetable Soup', 'Oh My God', 'Soup', 'Vegetables'),
('Chicken Corn Soup', 'Oh My God', 'Soup', 'Chicken'),
('Chicken Corn Soup', 'Tangy', 'Soup', 'Chicken'),
('Egg Flower Soup', 'Hot', 'Soup', 'Chef Special'),
('Egg Flower Soup', 'Piquant', 'Soup', 'Chef Special'),
('Prawn Soup', 'Mild', 'Soup', 'Seafood'),
('Prawn Soup', 'Tangy', 'Soup', 'Seafood'),
('Prawn Soup', 'Piquant', 'Soup', 'Seafood'),

('Honey Glazed Gourmet', 'Hot', 'Meat Entrees', 'Chef Special'),
('Honey Glazed Gourmet', 'Tangy', 'Meat Entrees', 'Chef Special'),
('Pork Overloaded', 'Mild', 'Meat Entrees', 'Pork'),
('Pork Overloaded', 'Hot', 'Meat Entrees', 'Pork'),
('Pork Overloaded', 'Piquant', 'Meat Entrees', 'Pork'),
('Chicken Spring Rolls', 'Tangy', 'Meat Entrees', 'Chicken'),
('Chicken Spring Rolls', 'Hot', 'Meat Entrees', 'Chicken'),
('Sweet and Sour Chicken', 'Piquant', 'Meat Entrees', 'Chicken'),
('Sweet and Sour Chicken', 'Tangy', 'Meat Entrees', 'Chicken'),
('Beef Sheets', 'Oh My God', 'Meat Entrees', 'Beef'),
('Beef Sheets', 'Hot', 'Meat Entrees', 'Beef'),
('Beef with Orange Curd', 'Piquant', 'Meat Entrees', 'Beef'),
('Beef with Orange Curd', 'Mild', 'Meat Entrees', 'Beef'),
('Clam Sycee', 'Oh My God', 'Meat Entrees', 'Seafood'),
('Deep Fried Fish', 'Mild', 'Meat Entrees', 'Seafood'),
('Deep Fried Fish', 'Hot', 'Meat Entrees', 'Seafood'),
('Grilled Veggies with wontons', 'Piquant', 'Meat Entrees', 'Vegetables'),
('One Pot Curry Noodles', 'Tangy', 'Meat Entrees', 'Vegatables'),
('One Pot Curry Noodles', 'Oh My God', 'Meat Entrees', 'Vegatables'),

('Chicken Chow Mein', 'Oh My God', 'Main Course', 'Chicken'),
('Chicken Chow Mein', 'Tangy', 'Main Course', 'Chicken'),
('Beef Chow Mein', 'Mild', 'Main Course', 'Beef'),
('Beef Chow Mein', 'Piquant', 'Main Course', 'Beef'),
('Beef Chow Mein', 'Hot', 'Main Course', 'Beef'),
('Vegetables Chow Mein', 'Tangy', 'Main Course', 'Vegetables'),
('Vegetables Chow Mein', 'Mild', 'Main Course', 'Vegetables'),
('Pork Chow Mein', 'Hot', 'Main Course', 'Pork'),
('Pork Chow Mein', 'Oh My God', 'Main Course', 'Pork'),

('Chicken Food Young', 'Tangy', 'Main Course', 'Chicken'),
('Chicken Food Young', 'Hot', 'Main Course', 'Chicken'),
('Chicken Food Young', 'Mild', 'Main Course', 'Chicken'),
('Seafood Egg Food Young', 'Oh My God', 'Main Course', 'Seafood'),
('Seafood Egg Food Young', 'Piquant', 'Main Course', 'Seafood'),
('Pork Egg Food Young', 'Hot', 'Main Course', 'Pork'),
('Pork Egg Food Young', 'Oh My God', 'Main Course', 'Pork'),

('Vegetables Chop Suey', 'Hot', 'Main Course', 'Vegetables'),
('Vegetables Chop Suey', 'Mild', 'Main Course', 'Vegetables'),
('Chef Special Chop Suey', 'Tangy', 'Main Course', 'Chef Special'),
('Chef Special Chop Suey', 'Piquant', 'Main Course', 'Chef Special'),
('Pork Chop Suey', 'Hot', 'Main Course', 'Pork'),
('Pork Chop Suey', 'Oh My God', 'Main Course', 'Pork'),
('Chicken Chop Suey', 'Tangy', 'Main Course', 'Chicken'),
('Seafood Chop Suey', 'Mild', 'Main Course', 'Seafood'),
('Seafood Chop Suey', 'Piquant', 'Main Course', 'Seafood');

/* Data for menuMenuItem */
INSERT INTO menuMenuItem (itemName,spiceLevel,type,size,price) VALUES
('Kung Pao Chicken','Tangy','Lunch','small',8.00),
('Kung Pao Chicken','Hot','Lunch','small',8.00),
('Kung Pao Chicken','Tangy','Evening','large',10.00),
('Kung Pao Chicken','Hot','Evening','large',10.00),
('Kung Pao Chicken','Mild','Children','x-small',6.00),
('Kung Pao Chicken','Tangy','Sunday brunch buffet','buffet',20.00),

('Cashew Chicken','Tangy','Lunch','small',8.00),
('Cashew Chicken','Mild','Evening','large',10.00),
('Cashew Chicken','Mild','Sunday brunch buffet','buffet',20.00),

('Stir Fried Vegetables','Piquant','Children','x-small',6.00),
('Stir Fried Vegetables','Piquant','Evening','large',10.00),
('Stir Fried Vegetables','Oh My God','Sunday brunch buffet','buffet',20.00),

('Eggplant Parmesan','Piquant','Children','x-small',6.00),
('Eggplant Parmesan','Piquant','Lunch','small',8.00),
('Eggplant Parmesan','Oh My God','Evening','large',10.00),
('Eggplant Parmesan','Oh My God','Sunday brunch buffet','buffet',20.00),

('Orange Beef','Tangy','Children','x-small',6.00),
('Orange Beef','Oh My God','Lunch','small',8.00),
('Orange Beef','Tangy','Evening','large',10.00),
('Orange Beef','Oh My God','Sunday brunch buffet','buffet',20.00),

('Moo Shy Beef','Tangy','Lunch','small',8.00),
('Moo Shy Beef','Hot','Lunch','small',8.00),
('Moo Shy Beef','Tangy','Evening','large',10.00),
('Moo Shy Beef','Piquant','Evening','large',10.00),
('Moo Shy Beef','Tangy','Children','x-small',6.00),
('Moo Shy Beef','Tangy','Sunday brunch buffet','buffet',20.00),

('Honey Glazed Shrimp','Mild','Sunday brunch buffet','buffet',20.00),

('Kung Pao Shrimp','Mild','Children','x-small',6.00),
('Kung Pao Shrimp','Hot','Lunch','small',8.00),
('Kung Pao Shrimp','Tangy','Evening','large',10.00),
('Kung Pao Shrimp','Hot','Sunday brunch buffet','buffet',20.00),

('Roasted Meats','Piquant','Children','x-small',6.00),
('Roasted Meats','Oh My God','Lunch','small',8.00),
('Roasted Meats','Piquant','Evening','large',10.00),
('Roasted Meats','Piquant','Sunday brunch buffet','buffet',20.00),

('Moo Goo Gai Pan','Tangy','Lunch','small',8.00),
('Moo Goo Gai Pan','Hot','Lunch','small',8.00),
('Moo Goo Gai Pan','Tangy','Evening','large',10.00),
('Moo Goo Gai Pan','Oh My God','Evening','large',10.00),
('Moo Goo Gai Pan','Tangy','Children','x-small',6.00),
('Moo Goo Gai Pan','Tangy','Sunday brunch buffet','buffet',20.00),

('Ginger Pork Noodle','Hot','Lunch','small',8.00),
('Ginger Pork Noodle','Hot','Evening','large',10.00),

('Pork with Bean Sauce','Mild','Children','x-small',6.00),
('Pork with Bean Sauce','Mild','Lunch','small',8.00),
('Pork with Bean Sauce','Piquant','Evening','large',10.00),
('Pork with Bean Sauce','Piquant','Sunday brunch buffet','buffet',20.00),

('Seaweed Health Soup','Tangy','Children','cup',6.00),
('Seaweed Health Soup','Hot','Lunch','bowl',8.00),
('Seaweed Health Soup','Piquant','Evening','gallon',10.00),
('Seaweed Health Soup','Piquant','Sunday brunch buffet','quart',20.00),

('Vegetable Soup','Piquant','Lunch','pint',8.00),
('Vegetable Soup','Hot','Lunch','bowl',8.00),
('Vegetable Soup','Piquant','Evening','gallon',10.00),
('Vegetable Soup','Oh My God','Evening','gallon',10.00),
('Vegetable Soup','Mild','Children','cup',6.00),
('Vegetable Soup','Piquant','Sunday brunch buffet','quart',20.00),

('Egg Flower Soup','Hot','Lunch','pint',8.00),
('Egg Flower Soup','Hot','Evening','gallon',10.00),
('Egg Flower Soup','Piquant','Sunday brunch buffet','quart',20.00),

('Prawn Soup','Mild','Children','cup',6.00),
('Prawn Soup','Tangy','Lunch','bowl',8.00),
('Prawn Soup','Piquant','Evening','gallon',10.00),
('Prawn Soup','Tangy','Sunday brunch buffet','quart',20.00),

('Honey Glazed Gourmet','Hot','Lunch','small',8.00),
('Honey Glazed Gourmet','Hot','Evening','large',10.00),
('Honey Glazed Gourmet','Tangy','Sunday brunch buffet','buffet',20.00),

('Pork Overloaded','Mild','Children','x-small',6.00),
('Pork Overloaded','Hot','Lunch','small',8.00),
('Pork Overloaded','Mild','Evening','large',10.00),
('Pork Overloaded','Piquant','Sunday brunch buffet','buffet',20.00),

('Chicken Spring Rolls','Hot','Lunch','small',8.00),
('Chicken Spring Rolls','Tangy','Evening','large',10.00),

('Sweet and Sour Chicken','Tangy','Children','x-small',6.00),
('Sweet and Sour Chicken','Tangy','Lunch','small',8.00),
('Sweet and Sour Chicken','Piquant','Evening','large',10.00),
('Sweet and Sour Chicken','Tangy','Sunday brunch buffet','buffet',20.00),

('Beef Sheets','Oh My God','Lunch','small',8.00),
('Beef Sheets','Hot','Lunch','small',8.00),
('Beef Sheets','Hot','Evening','large',10.00),
('Beef Sheets','Oh My God','Evening','large',10.00),
('Beef Sheets','Hot','Sunday brunch buffet','buffet',20.00),

('Beef with Orange Curd','Piquant','Lunch','small',8.00),
('Beef with Orange Curd','Mild','Lunch','small',8.00),
('Beef with Orange Curd','Piquant','Evening','large',10.00),
('Beef with Orange Curd','Mild','Evening','large',10.00),
('Beef with Orange Curd','Piquant','Sunday brunch buffet','buffet',20.00),

('Clam Sycee', 'Oh My God','Sunday brunch buffet','buffet',20.00),

('Deep Fried Fish','Mild','Lunch','small',8.00),
('Deep Fried Fish','Hot','Lunch','small',8.00),
('Deep Fried Fish','Hot','Evening','large',10.00),
('Deep Fried Fish','Mild','Evening','large',10.00),
('Deep Fried Fish','Mild','Children','x-small',6.00),
('Deep Fried Fish','Hot','Sunday brunch buffet','buffet',20.00),

('Grilled Veggies with wontons','Piquant','Evening','large',10.00),

('One Pot Curry Noodles','Tangy','Lunch','small',8.00),
('One Pot Curry Noodles','Oh My God','Evening','large',10.00),
('One Pot Curry Noodles','Tangy','Evening','large',10.00),
('One Pot Curry Noodles','Tangy','Sunday brunch buffet','buffet',20.00),

('Chicken Chow Mein','Tangy','Lunch','small',8.00),
('Chicken Chow Mein','Oh My God','Evening','large',10.00),
('Chicken Chow Mein','Tangy','Evening','large',10.00),
('Chicken Chow Mein','Tangy','Children','x-small',6.00),
('Chicken Chow Mein','Tangy','Sunday brunch buffet','buffet',20.00),

('Beef Chow Mein','Mild','Lunch','small',8.00),
('Beef Chow Mein','Piquant','Evening','large',10.00),
('Beef Chow Mein','Hot','Evening','large',10.00),
('Beef Chow Mein','Mild','Children','x-small',6.00),
('Beef Chow Mein','Piquant','Sunday brunch buffet','buffet',20.00),

('Vegetables Chow Mein','Tangy','Lunch','small',8.00),
('Vegetables Chow Mein','Tangy','Evening','large',10.00),
('Vegetables Chow Mein','Mild','Evening','large',10.00),
('Vegetables Chow Mein','Mild','Children','x-small',6.00),
('Vegetables Chow Mein','Tangy','Sunday brunch buffet','buffet',20.00),

('Pork Chow Mein','Hot','Lunch','small',8.00),
('Pork Chow Mein','Oh My God','Lunch','small',8.00),
('Pork Chow Mein','Hot','Evening','large',10.00),
('Pork Chow Mein','Oh My God','Evening','large',10.00),

('Chicken Food Young','Hot','Lunch','small',8.00),
('Chicken Food Young','Tangy','Lunch','small',8.00),
('Chicken Food Young','Hot','Evening','large',10.00),
('Chicken Food Young','Tangy','Evening','large',10.00),
('Chicken Food Young','Mild','Children','x-small',6.00),
('Chicken Food Young','Tangy','Sunday brunch buffet','buffet',20.00),

('Seafood Egg Food Young','Piquant','Lunch','small',8.00),
('Seafood Egg Food Young','Oh My God','Lunch','small',8.00),
('Seafood Egg Food Young','Piquant','Evening','large',10.00),
('Seafood Egg Food Young','Oh My God','Evening','large',10.00),
('Seafood Egg Food Young','Piquant','Sunday brunch buffet','buffet',20.00),

('Pork Egg Food Young','Hot','Lunch','small',8.00),
('Pork Egg Food Young','Oh My God','Lunch','small',8.00),
('Pork Egg Food Young','Hot','Evening','large',10.00),
('Pork Egg Food Young','Oh My God','Evening','large',10.00),
('Pork Egg Food Young','Hot','Sunday brunch buffet','buffet',20.00),

('Vegetables Chop Suey','Hot','Lunch','small',8.00),
('Vegetables Chop Suey','Mild','Lunch','small',8.00),
('Vegetables Chop Suey','Hot','Evening','large',10.00),
('Vegetables Chop Suey','Mild','Evening','large',10.00),
('Vegetables Chop Suey','Mild','Children','x-small',6.00),
('Vegetables Chop Suey','Hot','Sunday brunch buffet','buffet',20.00),

('Chef Special Chop Suey','Piquant','Lunch','small',8.00),
('Chef Special Chop Suey','Tangy','Lunch','small',8.00),
('Chef Special Chop Suey','Piquant','Evening','large',10.00),
('Chef Special Chop Suey','Tangy','Evening','large',10.00),
('Chef Special Chop Suey','Piquant','Sunday brunch buffet','buffet',20.00),

('Pork Chop Suey','Hot','Lunch','small',8.00),
('Pork Chop Suey','Oh My God','Lunch','small',8.00),
('Pork Chop Suey','Hot','Evening','large',10.00),
('Pork Chop Suey','Oh My God','Evening','large',10.00),
('Pork Chop Suey','Hot','Sunday brunch buffet','buffet',20.00),

('Chicken Chop Suey', 'Tangy','Sunday brunch buffet','buffet',20.00),

('Seafood Chop Suey','Mild','Lunch','small',8.00),
('Seafood Chop Suey','Piquant','Lunch','small',8.00),
('Seafood Chop Suey','Piquant','Evening','large',10.00),
('Seafood Chop Suey','Mild','Evening','large',10.00),
('Seafood Chop Suey','Mild','Children','x-small',6.00),
('Seafood Chop Suey','Piquant','Sunday brunch buffet','buffet',20.00);

/* Table structure for orderItem */
INSERT INTO orderItem (orderID,type,itemName,spiceLevel,quantity) VALUES
(001, 'Evening', 'Seafood Chop Suey', 'Mild', 1),
(001, 'Evening', 'Moo Goo Gai Pan', 'Tangy', 3),
(002, 'Evening', 'Seafood Chop Suey', 'Mild', 3),
(002, 'Evening', 'Pork Chop Suey','Oh My God', 1),
(003, 'Evening', 'Seafood Chop Suey', 'Mild', 1),
(003, 'Evening', 'Pork Chop Suey','Oh My God', 2),
(004, 'Lunch', 'Chef Special Chop Suey','Tangy', 4),
(004, 'Evening', 'Chicken Food Young','Tangy', 1),
(005, 'Evening', 'Chicken Food Young','Tangy', 3),
(005, 'Children', 'Vegetables Chow Mein', 'Mild', 5),
(005, 'Evening', 'Moo Shy Beef','Tangy', 4),
(006, 'Lunch', 'Pork Chow Mein','Oh My God',5),
(006, 'Evening', 'Beef with Orange Curd','Piquant', 1),
(007, 'Lunch', 'Pork Chow Mein','Oh My God',1),
(007, 'Evening', 'Beef with Orange Curd','Piquant', 4),
(008, 'Children', 'Beef Chow Mein', 'Mild', 9),
(008, 'Evening', 'Grilled Veggies with wontons','Piquant',3),
(008, 'Lunch', 'Cashew Chicken','Tangy', 2),
(009, 'Children', 'Seafood Chop Suey','Mild', 4),
(009, 'Sunday brunch buffet', 'Honey Glazed Shrimp','Mild', 1),
(010, 'Children', 'Seafood Chop Suey','Mild', 1),
(010, 'Sunday brunch buffet', 'Honey Glazed Shrimp','Mild', 1),
(011, 'Evening', 'Seafood Chop Suey', 'Mild', 1),
(011, 'Evening', 'Moo Goo Gai Pan', 'Tangy', 3),
(012, 'Evening', 'Seafood Chop Suey', 'Mild', 3),
(012, 'Evening', 'Pork Chop Suey','Oh My God', 1),
(013, 'Evening', 'Seafood Chop Suey', 'Mild', 1),
(013, 'Evening', 'Pork Chop Suey','Oh My God', 2),
(014, 'Lunch', 'Chef Special Chop Suey','Tangy', 4),
(014, 'Evening', 'Chicken Food Young','Tangy', 1),
(015, 'Evening', 'Chicken Food Young','Tangy', 3),
(015, 'Children', 'Vegetables Chow Mein', 'Mild', 5),
(015, 'Evening', 'Moo Shy Beef','Tangy', 4),
(016, 'Lunch', 'Pork Chow Mein','Oh My God',5),
(016, 'Evening', 'Beef with Orange Curd','Piquant', 1),
(017, 'Lunch', 'Pork Chow Mein','Oh My God',1),
(017, 'Evening', 'Beef with Orange Curd','Piquant', 4),
(018, 'Children', 'Beef Chow Mein', 'Mild', 9),
(018, 'Evening', 'Grilled Veggies with wontons','Piquant',3),
(018, 'Lunch', 'Cashew Chicken','Tangy', 2),
(019, 'Children', 'Seafood Chop Suey','Mild', 4),
(019, 'Sunday brunch buffet', 'Honey Glazed Shrimp','Mild', 1),
(020, 'Children', 'Seafood Chop Suey','Mild', 1),
(020, 'Sunday brunch buffet', 'Honey Glazed Shrimp','Mild', 1),
(021, 'Lunch', 'Pork Chow Mein','Oh My God',1),
(021, 'Lunch', 'Chef Special Chop Suey','Tangy', 4),
(101, 'Lunch', 'Moo Shy Beef','Hot', 6),
(101, 'Lunch', 'Ginger Pork Noodle','Hot', 1),
(102, 'Lunch', 'Moo Shy Beef','Hot', 1),
(102, 'Lunch', 'Ginger Pork Noodle','Hot', 8),
(103, 'Evening', 'Seafood Chop Suey', 'Mild', 2),
(103, 'Lunch', 'Chef Special Chop Suey','Tangy', 5),
(104, 'Lunch', 'Egg Flower Soup', 'Hot', 4),
(104, 'Lunch', 'Chicken Spring Rolls','Hot', 1),
(105, 'Lunch', 'Egg Flower Soup', 'Hot', 1),
(105, 'Lunch', 'Chicken Spring Rolls','Hot', 8),
(106, 'Sunday brunch buffet', 'Clam Sycee', 'Oh My God', 9),
(106, 'Lunch', 'Egg Flower Soup', 'Hot', 4),
(107, 'Lunch', 'Chicken Spring Rolls','Hot', 8),
(107, 'Evening', 'Grilled Veggies with wontons','Piquant', 4),
(108, 'Lunch', 'Chef Special Chop Suey','Tangy', 7),
(108, 'Children', 'Chicken Food Young', 'Mild', 1),
(109, 'Lunch', 'Vegetables Chop Suey','Hot', 5),
(109, 'Lunch', 'Chef Special Chop Suey','Tangy', 7),
(110, 'Children', 'Chicken Food Young', 'Mild', 1),
(110, 'Lunch', 'Seafood Chop Suey','Mild', 4),
(111, 'Lunch', 'Kung Pao Chicken', 'Hot', 1),
(111, 'Lunch', 'Pork Chow Mein', 'Hot', 3),
(112, 'Evening', 'Kung Pao Chicken', 'Tangy', 4),
(112, 'Evening', 'Beef Sheets', 'Oh My God', 2),
(113, 'Lunch', 'Moo Goo Gai Pan', 'Hot', 2),
(113, 'Sunday brunch buffet', 'Chef Special Chop Suey', 'Piquant', 9),
(114, 'Lunch', 'Pork Chop Suey', 'Hot', 2),
(114, 'Lunch', 'Prawn Soup', 'Tangy', 3),
(115, 'Evening', 'Honey Glazed Gourmet', 'Hot', 4),
(115, 'Children', 'Roasted Meats', 'Piquant', 3),
(116, 'Children', 'Vegetables Chop Suey', 'Mild', 4),
(116, 'Children', 'Beef Chow Mein', 'Mild', 3),
(117, 'Children', 'Vegetables Chow Mein', 'Mild', 2),
(117, 'Evening', 'Seafood Egg Food Young', 'Piquant', 4),
(118, 'Sunday brunch buffet', 'Prawn Soup', 'Tangy', 6),
(118, 'Evening', 'Roasted Meats', 'Piquant', 2),
(119, 'Evening', 'Grilled Veggies with wontons', 'Piquant', 1),
(119, 'Evening', 'Beef Sheets', 'Hot', 1),
(120, 'Lunch', 'Moo Goo Gai Pan', 'Tangy', 1),
(120, 'Lunch', 'Beef with Orange Curd', 'Mild', 1),
(121, 'Children', 'Beef Chow Mein', 'Mild', 3),
(121, 'Children', 'Vegetables Chow Mein', 'Mild', 2);

/* Data for mentorship */
INSERT INTO mentorship (mentorID,menteeID,startDate,endDate,itemName,spiceLevel) VALUES
(103, 105, '2017-05-08','2017-06-08','Kung Pao Chicken','Mild'),
(103, 104, '2019-05-01', '2019-05-11', 'Kung Pao Chicken', 'Tangy'),
(108, 103, '2017-06-01', '2017-07-23', 'Cashew Chicken', 'Tangy'),
(108, 106, '2018-07-21', '2018-10-11', 'Cashew Chicken', 'Mild'),
(103, 108, '2018-05-11', '2019-07-11', 'Eggplant Parmesan', 'Piquant'),
(104, 103, '2017-12-02', '2018-01-12', 'Orange Beef', 'Tangy'),
(103, 105, '2019-05-02', '2019-06-12', 'Moo Shy Beef', 'Hot'),
(103, 106, '2018-04-20', '2018-05-20', 'Honey Glazed Shrimp','Mild'),
(104, 105, '2018-06-23', '2018-07-29', 'Roasted Meats', 'Oh My God'),
(105, 107, '2019-01-29', '2019-02-20', 'Pork with Bean Sauce', 'Piquant'),
(106, 107, '2018-02-23', '2018-05-22', 'Egg Flower Soup', 'Hot'),
(107, 106, '2017-07-17', '2017-08-23', 'Prawn Soup', 'Mild'),
(103, 104, '2017-12-12', '2018-02-23', 'Honey Glazed Gourmet', 'Hot'),
(105, 108, '2018-02-23', '2018-03-23', 'Pork Overloaded', 'Mild'),
(105, 107, '2018-04-13', '2018-06-23', 'Chicken Spring Rolls', 'Hot'),
(107, 106, '2019-02-20', '2019-03-23', 'Clam Sycee', 'Oh My God'),
(106, 103, '2017-08-23', '2017-09-13', 'Deep Fried Fish', 'Hot'),
(108, 104, '2018-03-23', '2018-04-14', 'Grilled Veggies with wontons', 'Piquant'),
(108, 106, '2019-03-23', '2019-04-14', 'Grilled Veggies with wontons', 'Piquant'),
(108, 107, '2017-04-23', '2017-05-14', 'Grilled Veggies with wontons', 'Piquant'),
(103, 105, '2018-06-29', '2018-08-23', 'One Pot Curry Noodles', 'Tangy'),
(108, 104, '2018-02-12', '2018-03-29' ,'Vegetables Chow Mein','Mild'),
(107, 104, '2017-09-30', '2017-10-29', 'Pork Chow Mein', 'Hot'),
(107, 105, '2018-02-12', '2018-04-29', 'Chicken Food Young', 'Tangy'),
(108, 107, '2017-04-12', '2017-05-30', 'Pork Egg Food Young','Hot'),
(103, 107, '2018-02-21', '2018-05-30', 'Vegetables Chop Suey', 'Hot'),
(103, 108, '2019-02-21', '2019-05-30', 'Vegetables Chop Suey', 'Mild'),
(103, 105, '2017-02-21', '2017-05-30', 'Vegetables Chop Suey', 'Hot'),
(107, 104, '2017-08-30', '2017-09-22', 'Pork Chop Suey', 'Hot'),
(103, 106, '2019-02-13', '2019-03-12', 'Pork Chop Suey', 'Oh My God'),
(105, 108, '2018-07-23', '2018-08-30', 'Pork Chop Suey', 'Oh My God'),
(105, 106, '2019-03-23', '2019-05-01', 'Chicken Chop Suey', 'Tangy'),
(103, 107, '2018-02-12', '2018-04-20', 'Seafood Chop Suey', 'Piquant');